epoch,step,train_loss_epoch,train_loss_step,val_loss
0,49,,0.036118991672992706,
0,99,,0.03203141316771507,
0,149,,0.04355122521519661,
0,199,,0.04337131977081299,
0,249,,0.03937387466430664,
0,299,,0.02876429446041584,
0,349,,0.03624744713306427,
0,399,,0.04148579761385918,
0,412,,,0.051948513835668564
0,412,0.03759156912565231,,
1,449,,0.032974690198898315,
1,499,,0.03775564208626747,
1,549,,0.034622661769390106,
1,599,,0.031089477241039276,
1,649,,0.026702672243118286,
1,699,,0.04874373972415924,
1,749,,0.044850535690784454,
1,799,,0.03384042903780937,
1,825,,,0.05061868950724602
1,825,0.0377003513276577,,
2,849,,0.03872467577457428,
2,899,,0.037963613867759705,
2,949,,0.04230208694934845,
2,999,,0.02577488124370575,
2,1049,,0.04692215472459793,
2,1099,,0.024202145636081696,
2,1149,,0.04931357130408287,
2,1199,,0.04098103195428848,
2,1238,,,0.052346840500831604
2,1238,0.03702513128519058,,
3,1249,,0.03899525851011276,
3,1299,,0.03904329612851143,
3,1349,,0.0363583043217659,
3,1399,,0.0434412807226181,
3,1449,,0.04297684133052826,
3,1499,,0.03361021727323532,
3,1549,,0.03301684185862541,
3,1599,,0.04315430298447609,
3,1649,,0.03609749674797058,
3,1651,,,0.051840655505657196
3,1651,0.03743548318743706,,
4,1699,,0.032194361090660095,
4,1749,,0.03238168731331825,
4,1799,,0.03304542228579521,
4,1849,,0.032816290855407715,
4,1899,,0.026986755430698395,
4,1949,,0.03940729424357414,
4,1999,,0.046813979744911194,
4,2049,,0.03481251373887062,
4,2064,,,0.051125138998031616
4,2064,0.03744448721408844,,
5,2099,,0.0355471707880497,
5,2149,,0.03916068375110626,
5,2199,,0.02491556853055954,
5,2249,,0.02845154143869877,
5,2299,,0.03231849521398544,
5,2349,,0.03450993448495865,
5,2399,,0.04769519716501236,
5,2449,,0.036388739943504333,
5,2477,,,0.05176890641450882
5,2477,0.0373595654964447,,
6,2499,,0.04792769253253937,
6,2549,,0.035659994930028915,
6,2599,,0.03440581262111664,
6,2649,,0.044327396899461746,
6,2699,,0.033288270235061646,
6,2749,,0.036910489201545715,
6,2799,,0.038656968623399734,
6,2849,,0.03493615612387657,
6,2890,,,0.05155511572957039
6,2890,0.03715568408370018,,
7,2899,,0.032751113176345825,
7,2949,,0.03588436543941498,
7,2999,,0.027056841179728508,
7,3049,,0.043098051100969315,
7,3099,,0.03772550821304321,
7,3149,,0.034775957465171814,
7,3199,,0.042037785053253174,
7,3249,,0.03572335094213486,
7,3299,,0.029261745512485504,
7,3303,,,0.05140668526291847
7,3303,0.03712514787912369,,
8,3349,,0.04773828759789467,
8,3399,,0.03836484253406525,
8,3449,,0.02451147697865963,
8,3499,,0.030637111514806747,
8,3549,,0.032615479081869125,
8,3599,,0.039724770933389664,
8,3649,,0.04308786615729332,
8,3699,,0.03215582296252251,
8,3716,,,0.051125846803188324
8,3716,0.03724715858697891,,
9,3749,,0.03461747616529465,
9,3799,,0.03934723511338234,
9,3849,,0.03956475481390953,
9,3899,,0.02840983122587204,
9,3949,,0.03692460432648659,
9,3999,,0.039043936878442764,
9,4049,,0.03680089861154556,
9,4099,,0.04998805746436119,
9,4129,,,0.051116108894348145
9,4129,0.03732023388147354,,
10,4149,,0.033535223454236984,
10,4199,,0.035323843359947205,
10,4249,,0.03878829628229141,
10,4299,,0.028055880218744278,
10,4349,,0.042693544179201126,
10,4399,,0.04064779728651047,
10,4449,,0.04166024923324585,
10,4499,,0.033169325441122055,
10,4542,,,0.0518367737531662
10,4542,0.03692101687192917,,
11,4549,,0.03430183231830597,
11,4599,,0.04232759028673172,
11,4649,,0.046124473214149475,
11,4699,,0.03175325691699982,
11,4749,,0.0385543517768383,
11,4799,,0.03478910028934479,
11,4849,,0.031474702060222626,
11,4899,,0.03227880597114563,
11,4949,,0.03160834684967995,
11,4955,,,0.05104360356926918
11,4955,0.03708459809422493,,
12,4999,,0.036624155938625336,
12,5049,,0.0418076366186142,
12,5099,,0.03686521574854851,
12,5149,,0.043327733874320984,
12,5199,,0.031665995717048645,
12,5249,,0.03725091367959976,
12,5299,,0.038549184799194336,
12,5349,,0.035036809742450714,
12,5368,,,0.051946450024843216
12,5368,0.036571357399225235,,
13,5399,,0.0434061735868454,
13,5449,,0.0392720103263855,
13,5499,,0.04618280008435249,
13,5549,,0.026248164474964142,
13,5599,,0.04035898298025131,
13,5649,,0.03412899002432823,
13,5699,,0.03874385729432106,
13,5749,,0.031062254682183266,
13,5781,,,0.05107858404517174
13,5781,0.036719515919685364,,
14,5799,,0.03802822157740593,
14,5849,,0.03387366235256195,
14,5899,,0.031779877841472626,
14,5949,,0.03583221510052681,
14,5999,,0.03456984460353851,
14,6049,,0.03635906055569649,
14,6099,,0.03325800225138664,
14,6149,,0.03249210864305496,
14,6194,,,0.052455127239227295
14,6194,0.03699256479740143,,
15,6199,,0.031856320798397064,
15,6249,,0.031411364674568176,
15,6299,,0.04287363588809967,
15,6349,,0.04240356385707855,
15,6399,,0.046722520142793655,
15,6449,,0.03328676521778107,
15,6499,,0.029099710285663605,
15,6549,,0.037126537412405014,
15,6599,,0.03717992454767227,
15,6607,,,0.05188094824552536
15,6607,0.03703417629003525,,
16,6649,,0.031593646854162216,
16,6699,,0.03899723291397095,
16,6749,,0.03898673877120018,
16,6799,,0.030817247927188873,
16,6849,,0.06635928153991699,
16,6899,,0.04468990117311478,
16,6949,,0.03762244060635567,
16,6999,,0.04155644774436951,
16,7020,,,0.052267223596572876
16,7020,0.036383554339408875,,
17,7049,,0.04077298194169998,
17,7099,,0.029549909755587578,
17,7149,,0.038097821176052094,
17,7199,,0.044562533497810364,
17,7249,,0.03705279529094696,
17,7299,,0.037169016897678375,
17,7349,,0.040426090359687805,
17,7399,,0.04249422252178192,
17,7433,,,0.05203090235590935
17,7433,0.03673045337200165,,
18,7449,,0.041339874267578125,
18,7499,,0.04696854576468468,
18,7549,,0.040289245545864105,
18,7599,,0.0418611504137516,
18,7649,,0.032322682440280914,
18,7699,,0.04477573558688164,
18,7749,,0.039065729826688766,
18,7799,,0.03583427518606186,
18,7846,,,0.051605354994535446
18,7846,0.03634030744433403,,
19,7849,,0.0389932319521904,
19,7899,,0.04025943949818611,
19,7949,,0.04270597919821739,
19,7999,,0.03878064826130867,
19,8049,,0.03878351300954819,
19,8099,,0.03489283472299576,
19,8149,,0.02711585909128189,
19,8199,,0.027817215770483017,
19,8249,,0.04338093847036362,
19,8259,,,0.05185287445783615
19,8259,0.03628823533654213,,
20,8299,,0.03518135845661163,
20,8349,,0.039604201912879944,
20,8399,,0.03130102530121803,
20,8449,,0.02823437564074993,
20,8499,,0.03298943117260933,
20,8549,,0.031312644481658936,
20,8599,,0.03545989841222763,
20,8649,,0.034072212874889374,
20,8672,,,0.051453035324811935
20,8672,0.03663736954331398,,
21,8699,,0.03246740996837616,
21,8749,,0.03771337866783142,
21,8799,,0.026211030781269073,
21,8849,,0.03467733412981033,
21,8899,,0.04165817052125931,
21,8949,,0.029063105583190918,
21,8999,,0.032763976603746414,
21,9049,,0.034527912735939026,
21,9085,,,0.05193563550710678
21,9085,0.036380667239427567,,
22,9099,,0.04274103790521622,
22,9149,,0.02989865280687809,
22,9199,,0.030832631513476372,
22,9249,,0.038738179951906204,
22,9299,,0.030897660180926323,
22,9349,,0.034761104732751846,
22,9399,,0.0300299022346735,
22,9449,,0.03379843011498451,
22,9498,,,0.05181308090686798
22,9498,0.03605036437511444,,
23,9499,,0.042514871805906296,
23,9549,,0.03531131520867348,
23,9599,,0.03193620964884758,
23,9649,,0.04548470675945282,
23,9699,,0.034462615847587585,
23,9749,,0.04609554260969162,
23,9799,,0.026816461235284805,
23,9849,,0.030705098062753677,
23,9899,,0.029114656150341034,
23,9911,,,0.05160895735025406
23,9911,0.036406513303518295,,
24,9949,,0.040047988295555115,
24,9999,,0.039472468197345734,
24,10049,,0.03172320872545242,
24,10099,,0.032678913325071335,
24,10149,,0.03782579302787781,
24,10199,,0.030628465116024017,
24,10249,,0.03680525720119476,
24,10299,,0.040140338242053986,
24,10324,,,0.05189209058880806
24,10324,0.03631611540913582,,
25,10349,,0.0375671312212944,
25,10399,,0.03607393056154251,
25,10449,,0.0358174704015255,
25,10499,,0.03226407989859581,
25,10549,,0.02803155407309532,
25,10599,,0.04027462750673294,
25,10649,,0.042911384254693985,
25,10699,,0.04012957587838173,
25,10737,,,0.05117563530802727
25,10737,0.036234695464372635,,
26,10749,,0.036661457270383835,
26,10799,,0.029074808582663536,
26,10849,,0.03758068382740021,
26,10899,,0.031612787395715714,
26,10949,,0.03357807174324989,
26,10999,,0.03824368491768837,
26,11049,,0.043272171169519424,
26,11099,,0.030068006366491318,
26,11149,,0.036827899515628815,
26,11150,,,0.05070437118411064
26,11150,0.03618355467915535,,
27,11199,,0.04124065116047859,
27,11249,,0.03186126798391342,
27,11299,,0.03531879186630249,
27,11349,,0.030376894399523735,
27,11399,,0.041227445006370544,
27,11449,,0.03561655804514885,
27,11499,,0.03509676456451416,
27,11549,,0.04101996123790741,
27,11563,,,0.05205404385924339
27,11563,0.03615991026163101,,
28,11599,,0.03693374618887901,
28,11649,,0.03354479372501373,
28,11699,,0.0361718013882637,
28,11749,,0.02786935679614544,
28,11799,,0.03505563363432884,
28,11849,,0.03640846535563469,
28,11899,,0.032609228044748306,
28,11949,,0.03577490523457527,
28,11976,,,0.05073684826493263
28,11976,0.03576233237981796,,
29,11999,,0.0407651886343956,
29,12049,,0.04132459685206413,
29,12099,,0.028986258432269096,
29,12149,,0.031670182943344116,
29,12199,,0.03662057965993881,
29,12249,,0.0461125522851944,
29,12299,,0.030310504138469696,
29,12349,,0.04513173922896385,
29,12389,,,0.05073009803891182
29,12389,0.036244966089725494,,
30,12399,,0.03603147715330124,
30,12449,,0.041695673018693924,
30,12499,,0.029309136793017387,
30,12549,,0.03687135875225067,
30,12599,,0.033959392458200455,
30,12649,,0.03331177309155464,
30,12699,,0.03505467623472214,
30,12749,,0.03733497112989426,
30,12799,,0.030552824959158897,
30,12802,,,0.05173211544752121
30,12802,0.0356033630669117,,
31,12849,,0.03801431134343147,
31,12899,,0.035920269787311554,
31,12949,,0.026007508859038353,
31,12999,,0.03594217449426651,
31,13049,,0.041593555361032486,
31,13099,,0.03926001861691475,
31,13149,,0.02880270965397358,
31,13199,,0.035344287753105164,
31,13215,,,0.05184333771467209
31,13215,0.035722482949495316,,
32,13249,,0.03320680558681488,
32,13299,,0.036177828907966614,
32,13349,,0.03240218758583069,
32,13399,,0.029716240242123604,
32,13449,,0.03186047822237015,
32,13499,,0.031455714255571365,
32,13549,,0.02597007341682911,
32,13599,,0.03568064048886299,
32,13628,,,0.05195759981870651
32,13628,0.03635676950216293,,
33,13649,,0.03830632194876671,
33,13699,,0.03727893531322479,
33,13749,,0.03694266825914383,
33,13799,,0.0379776805639267,
33,13849,,0.04049728438258171,
33,13899,,0.04058200120925903,
33,13949,,0.03192674741148949,
33,13999,,0.0375414714217186,
33,14041,,,0.0514543280005455
33,14041,0.03600838780403137,,
34,14049,,0.027871642261743546,
34,14099,,0.03719380497932434,
34,14149,,0.04099246487021446,
34,14199,,0.03863142430782318,
34,14249,,0.02941339835524559,
34,14299,,0.037343088537454605,
34,14349,,0.03985743969678879,
34,14399,,0.033645350486040115,
34,14449,,0.03495572507381439,
34,14454,,,0.05277065932750702
34,14454,0.03567015379667282,,
35,14499,,0.04353741928935051,
35,14549,,0.031705811619758606,
35,14599,,0.030027279630303383,
35,14649,,0.03153757005929947,
35,14699,,0.03987705335021019,
35,14749,,0.04629053175449371,
35,14799,,0.03342968970537186,
35,14849,,0.050695955753326416,
35,14867,,,0.05272414907813072
35,14867,0.03579232469201088,,
36,14899,,0.043490078300237656,
36,14949,,0.040840502828359604,
36,14999,,0.038245681673288345,
36,15049,,0.034521400928497314,
36,15099,,0.04383556544780731,
36,15149,,0.027352767065167427,
36,15199,,0.02957741729915142,
36,15249,,0.02882041223347187,
36,15280,,,0.052624400705099106
36,15280,0.03570360690355301,,
37,15299,,0.03456176817417145,
37,15349,,0.037207234650850296,
37,15399,,0.039645466953516006,
37,15449,,0.042921919375658035,
37,15499,,0.042084574699401855,
37,15549,,0.029700901359319687,
37,15599,,0.028898030519485474,
37,15649,,0.038103245198726654,
37,15693,,,0.051799558103084564
37,15693,0.03542036935687065,,
38,15699,,0.033226341009140015,
38,15749,,0.0433432012796402,
38,15799,,0.034305669367313385,
38,15849,,0.0356866717338562,
38,15899,,0.04019402340054512,
38,15949,,0.03967323526740074,
38,15999,,0.04580003023147583,
38,16049,,0.026447763666510582,
38,16099,,0.04071810469031334,
38,16106,,,0.05113536864519119
38,16106,0.035792719572782516,,
39,16149,,0.031104126945137978,
39,16199,,0.03412730619311333,
39,16249,,0.04349072277545929,
39,16299,,0.03638722002506256,
39,16349,,0.029468582943081856,
39,16399,,0.03378342092037201,
39,16449,,0.03229665011167526,
39,16499,,0.03593773767352104,
39,16519,,,0.05186086148023605
39,16519,0.0350068025290966,,
40,16549,,0.027706583961844444,
40,16599,,0.03768528997898102,
40,16649,,0.03691181167960167,
40,16699,,0.04693424701690674,
40,16749,,0.034124646335840225,
40,16799,,0.03562399372458458,
40,16849,,0.0433051660656929,
40,16899,,0.032572850584983826,
40,16932,,,0.05212661996483803
40,16932,0.0352940708398819,,
41,16949,,0.027293913066387177,
41,16999,,0.03548474609851837,
41,17049,,0.032762035727500916,
41,17099,,0.02793853171169758,
41,17149,,0.03229009360074997,
41,17199,,0.03876868262887001,
41,17249,,0.030231723561882973,
41,17299,,0.0404326431453228,
41,17345,,,0.05166357383131981
41,17345,0.03543969243764877,,
42,17349,,0.039213672280311584,
42,17399,,0.03722549229860306,
42,17449,,0.03297844156622887,
42,17499,,0.03413385525345802,
42,17549,,0.03708072751760483,
42,17599,,0.0322706364095211,
42,17649,,0.04702393338084221,
42,17699,,0.039392147213220596,
42,17749,,0.032030753791332245,
42,17758,,,0.051509227603673935
42,17758,0.03533271700143814,,
43,17799,,0.026893271133303642,
43,17849,,0.03163127601146698,
43,17899,,0.037771549075841904,
43,17949,,0.03303169459104538,
43,17999,,0.03603769838809967,
43,18049,,0.036072880029678345,
43,18099,,0.04111434519290924,
43,18149,,0.040170323103666306,
43,18171,,,0.052408237010240555
43,18171,0.035534732043743134,,
44,18199,,0.03842780739068985,
44,18249,,0.035318657755851746,
44,18299,,0.031058672815561295,
44,18349,,0.03802400454878807,
44,18399,,0.03937515243887901,
44,18449,,0.036441024392843246,
44,18499,,0.03399930149316788,
44,18549,,0.0324527882039547,
44,18584,,,0.05326637998223305
44,18584,0.035229794681072235,,
45,18599,,0.034232012927532196,
45,18649,,0.0317559577524662,
45,18699,,0.03562553599476814,
45,18749,,0.03250320628285408,
45,18799,,0.043501321226358414,
45,18849,,0.03222840279340744,
45,18899,,0.03932351991534233,
45,18949,,0.036435917019844055,
45,18997,,,0.052668556571006775
45,18997,0.03520457446575165,,
46,18999,,0.030279619619250298,
46,19049,,0.04278729856014252,
46,19099,,0.04483625665307045,
46,19149,,0.029175328090786934,
46,19199,,0.032742492854595184,
46,19249,,0.03686758875846863,
46,19299,,0.03583919256925583,
46,19349,,0.027699392288923264,
46,19399,,0.03207094222307205,
46,19410,,,0.05151868984103203
46,19410,0.035400327295064926,,
47,19449,,0.027692347764968872,
47,19499,,0.03209610655903816,
47,19549,,0.034118760377168655,
47,19599,,0.0308392271399498,
47,19649,,0.03181292489171028,
47,19699,,0.04118054360151291,
47,19749,,0.047490015625953674,
47,19799,,0.033844221383333206,
47,19823,,,0.05157819762825966
47,19823,0.034982454031705856,,
48,19849,,0.030122194439172745,
48,19899,,0.0317508839070797,
48,19949,,0.025184132158756256,
48,19999,,0.03764472156763077,
48,20049,,0.02886488102376461,
48,20099,,0.034090057015419006,
48,20149,,0.031493183225393295,
48,20199,,0.0327611044049263,
48,20236,,,0.051683209836483
48,20236,0.035148393362760544,,
49,20249,,0.036915939301252365,
49,20299,,0.040938641875982285,
49,20349,,0.03273897245526314,
49,20399,,0.04514901340007782,
49,20449,,0.0356978178024292,
49,20499,,0.029218189418315887,
49,20549,,0.03430052846670151,
49,20599,,0.036068450659513474,
49,20649,,0.04832685738801956,
49,20649,,,0.05171317607164383
49,20649,0.035177089273929596,,
50,20699,,0.0318974107503891,
50,20749,,0.040843624621629715,
50,20799,,0.0361127145588398,
50,20849,,0.03573237732052803,
50,20899,,0.03590448573231697,
50,20949,,0.03589758276939392,
50,20999,,0.029321955516934395,
50,21049,,0.03223760798573494,
50,21062,,,0.05333870276808739
50,21062,0.03482896462082863,,
51,21099,,0.04868253692984581,
51,21149,,0.03213772922754288,
51,21199,,0.030467046424746513,
51,21249,,0.04038216173648834,
51,21299,,0.04106147587299347,
51,21349,,0.034712765365839005,
51,21399,,0.04273773729801178,
51,21449,,0.0372462123632431,
51,21475,,,0.05229547247290611
51,21475,0.034965984523296356,,
52,21499,,0.03367166593670845,
52,21549,,0.029770029708743095,
52,21599,,0.040472518652677536,
52,21649,,0.03214006870985031,
52,21699,,0.035054806619882584,
52,21749,,0.04517623782157898,
52,21799,,0.04161882400512695,
52,21849,,0.038170479238033295,
52,21888,,,0.05251188948750496
52,21888,0.03527141734957695,,
53,21899,,0.03226508945226669,
53,21949,,0.030593566596508026,
53,21999,,0.045199982821941376,
53,22049,,0.0361427366733551,
53,22099,,0.03160913288593292,
53,22149,,0.041343577206134796,
53,22199,,0.029559016227722168,
53,22249,,0.034817904233932495,
53,22299,,0.023776475340127945,
53,22301,,,0.051964353770017624
53,22301,0.03524911403656006,,
54,22349,,0.041425857692956924,
54,22399,,0.029351796954870224,
54,22449,,0.032254066318273544,
54,22499,,0.03311369568109512,
54,22549,,0.039418477565050125,
54,22599,,0.04148050770163536,
54,22649,,0.04312920197844505,
54,22699,,0.030615555122494698,
54,22714,,,0.051331836730241776
54,22714,0.03472914546728134,,
55,22749,,0.02540726214647293,
55,22799,,0.03158145770430565,
55,22849,,0.025205394253134727,
55,22899,,0.036516521126031876,
55,22949,,0.03811286762356758,
55,22999,,0.04202143847942352,
55,23049,,0.044826142489910126,
55,23099,,0.027307502925395966,
55,23127,,,0.05212923139333725
55,23127,0.0348527729511261,,
56,23149,,0.028476126492023468,
56,23199,,0.038740165531635284,
56,23249,,0.03457921743392944,
56,23299,,0.040616828948259354,
56,23349,,0.03344908356666565,
56,23399,,0.03206207603216171,
56,23449,,0.039267249405384064,
56,23499,,0.029731949791312218,
56,23540,,,0.05230288952589035
56,23540,0.03501570597290993,,
57,23549,,0.038461342453956604,
57,23599,,0.03491976484656334,
57,23649,,0.029882285743951797,
57,23699,,0.03834809362888336,
57,23749,,0.028955377638339996,
57,23799,,0.0322699099779129,
57,23849,,0.0326666496694088,
57,23899,,0.035261377692222595,
57,23949,,0.034199297428131104,
57,23953,,,0.05184393376111984
57,23953,0.03487727418541908,,
58,23999,,0.03150728717446327,
58,24049,,0.026861848309636116,
58,24099,,0.03521021828055382,
58,24149,,0.031995244324207306,
58,24199,,0.034412406384944916,
58,24249,,0.041214026510715485,
58,24299,,0.02891138195991516,
58,24349,,0.03757176920771599,
58,24366,,,0.052232418209314346
58,24366,0.034850697964429855,,
59,24399,,0.029689421877264977,
59,24449,,0.02995057962834835,
59,24499,,0.03305061161518097,
59,24549,,0.023356102406978607,
59,24599,,0.04809289425611496,
59,24649,,0.02930406667292118,
59,24699,,0.036827851086854935,
59,24749,,0.04016678407788277,
59,24779,,,0.051534026861190796
59,24779,0.035361070185899734,,
60,24799,,0.0401654988527298,
60,24849,,0.04209579527378082,
60,24899,,0.029471158981323242,
60,24949,,0.0395766906440258,
60,24999,,0.02585933916270733,
60,25049,,0.04434274137020111,
60,25099,,0.037614114582538605,
60,25149,,0.03350472077727318,
60,25192,,,0.052260622382164
60,25192,0.03485681116580963,,
61,25199,,0.034813474863767624,
61,25249,,0.02653498761355877,
61,25299,,0.03119250200688839,
61,25349,,0.03016352653503418,
61,25399,,0.04792261868715286,
61,25449,,0.03541727364063263,
61,25499,,0.031490717083215714,
61,25549,,0.03754135221242905,
61,25599,,0.02854675054550171,
61,25605,,,0.051197078078985214
61,25605,0.03500492870807648,,
62,25649,,0.030746344476938248,
62,25699,,0.031008899211883545,
62,25749,,0.028813766315579414,
62,25799,,0.042111389338970184,
62,25849,,0.032739415764808655,
62,25899,,0.03466270864009857,
62,25949,,0.037473902106285095,
62,25999,,0.024282660335302353,
62,26018,,,0.052354637533426285
62,26018,0.03461211174726486,,
63,26049,,0.04545249044895172,
63,26099,,0.02822212688624859,
63,26149,,0.024109046906232834,
63,26199,,0.03996140509843826,
63,26249,,0.03182124346494675,
63,26299,,0.03527139127254486,
63,26349,,0.03438034653663635,
63,26399,,0.02959791198372841,
63,26431,,,0.051921214908361435
63,26431,0.03429477661848068,,
64,26449,,0.031142082065343857,
64,26499,,0.03428255394101143,
64,26549,,0.02849029190838337,
64,26599,,0.04582575336098671,
64,26649,,0.026658622547984123,
64,26699,,0.030216803774237633,
64,26749,,0.024928821250796318,
64,26799,,0.030278410762548447,
64,26844,,,0.052335429936647415
64,26844,0.03443409129977226,,
65,26849,,0.038878314197063446,
65,26899,,0.03414247930049896,
65,26949,,0.0338355153799057,
65,26999,,0.029560914263129234,
65,27049,,0.027118859812617302,
65,27099,,0.032338596880435944,
65,27149,,0.03659721091389656,
65,27199,,0.031759023666381836,
65,27249,,0.033812712877988815,
65,27257,,,0.05200817808508873
65,27257,0.034365810453891754,,
66,27299,,0.0329902321100235,
66,27349,,0.03288000077009201,
66,27399,,0.041475169360637665,
66,27449,,0.041436173021793365,
66,27499,,0.028685636818408966,
66,27549,,0.0381314679980278,
66,27599,,0.03421700745820999,
66,27649,,0.030216310173273087,
66,27670,,,0.05183712765574455
66,27670,0.03448076546192169,,
67,27699,,0.03490765765309334,
67,27749,,0.045200128108263016,
67,27799,,0.0305332038551569,
67,27849,,0.028475813567638397,
67,27899,,0.032718122005462646,
67,27949,,0.029904522001743317,
67,27999,,0.030495494604110718,
67,28049,,0.028948716819286346,
67,28083,,,0.05223727598786354
67,28083,0.03455677255988121,,
68,28099,,0.028856443241238594,
68,28149,,0.03214078024029732,
68,28199,,0.02624775469303131,
68,28249,,0.03367387875914574,
68,28299,,0.033935174345970154,
68,28349,,0.03812989592552185,
68,28399,,0.03501570597290993,
68,28449,,0.03073916770517826,
68,28496,,,0.051461298018693924
68,28496,0.03431712090969086,,
69,28499,,0.03677325323224068,
69,28549,,0.03906327858567238,
69,28599,,0.032653406262397766,
69,28649,,0.0339864119887352,
69,28699,,0.034161269664764404,
69,28749,,0.03487243503332138,
69,28799,,0.026128508150577545,
69,28849,,0.033864304423332214,
69,28899,,0.025132380425930023,
69,28909,,,0.05205262824892998
69,28909,0.03437860310077667,,
70,28949,,0.045246466994285583,
70,28999,,0.04298040270805359,
70,29049,,0.04158232361078262,
70,29099,,0.035803571343421936,
70,29149,,0.02637697011232376,
70,29199,,0.025162655860185623,
70,29249,,0.03145439922809601,
70,29299,,0.02648993581533432,
70,29322,,,0.05201888829469681
70,29322,0.03431486338376999,,
71,29349,,0.03551304340362549,
71,29399,,0.0359821580350399,
71,29449,,0.041739221662282944,
71,29499,,0.03755996748805046,
71,29549,,0.049017537385225296,
71,29599,,0.039290111511945724,
71,29649,,0.03499515727162361,
71,29699,,0.04537275806069374,
71,29735,,,0.0527244433760643
71,29735,0.03463630750775337,,
72,29749,,0.04815268516540527,
72,29799,,0.028063258156180382,
72,29849,,0.03859935700893402,
72,29899,,0.03699810802936554,
72,29949,,0.032074227929115295,
72,29999,,0.032864827662706375,
72,30049,,0.03389653190970421,
72,30099,,0.03139558061957359,
72,30148,,,0.05239679664373398
72,30148,0.03423196077346802,,
73,30149,,0.038585636764764786,
73,30199,,0.0468427911400795,
73,30249,,0.038774460554122925,
73,30299,,0.03261609375476837,
73,30349,,0.036405015736818314,
73,30399,,0.04070720449090004,
73,30449,,0.027015507221221924,
73,30499,,0.03971756249666214,
73,30549,,0.041648734360933304,
73,30561,,,0.05176717787981033
73,30561,0.034048162400722504,,
74,30599,,0.032533351331949234,
74,30649,,0.04390615597367287,
74,30699,,0.02817225456237793,
74,30749,,0.02836386300623417,
74,30799,,0.0324319563806057,
74,30849,,0.026701442897319794,
74,30899,,0.0317208468914032,
74,30949,,0.0273479912430048,
74,30974,,,0.05199655890464783
74,30974,0.03407829999923706,,
75,30999,,0.042827580124139786,
75,31049,,0.0375681146979332,
75,31099,,0.04180952534079552,
75,31149,,0.033899739384651184,
75,31199,,0.03592424467206001,
75,31249,,0.043836209923028946,
75,31299,,0.03217710554599762,
75,31349,,0.025979580357670784,
75,31387,,,0.05286465957760811
75,31387,0.034347958862781525,,
76,31399,,0.029626896604895592,
76,31449,,0.02894265204668045,
76,31499,,0.04285044223070145,
76,31549,,0.0406389981508255,
76,31599,,0.023305833339691162,
76,31649,,0.036918770521879196,
76,31699,,0.038339413702487946,
76,31749,,0.03219788894057274,
76,31799,,0.03605429828166962,
76,31800,,,0.053134702146053314
76,31800,0.034500204026699066,,
77,31849,,0.030693139880895615,
77,31899,,0.02994508482515812,
77,31949,,0.03564389422535896,
77,31999,,0.02898113988339901,
77,32049,,0.040984511375427246,
77,32099,,0.04791216924786568,
77,32149,,0.03684288263320923,
77,32199,,0.030769020318984985,
77,32213,,,0.05238676443696022
77,32213,0.03432972729206085,,
78,32249,,0.0433361679315567,
78,32299,,0.038251373916864395,
78,32349,,0.03617173433303833,
78,32399,,0.03919803351163864,
78,32449,,0.03674495965242386,
78,32499,,0.027701260522007942,
78,32549,,0.036544471979141235,
78,32599,,0.03881850838661194,
78,32626,,,0.05146624892950058
78,32626,0.03443463146686554,,
79,32649,,0.02652154676616192,
79,32699,,0.03266720101237297,
79,32749,,0.03145756945014,
79,32799,,0.03223181515932083,
79,32849,,0.03232888877391815,
79,32899,,0.039236366748809814,
79,32949,,0.0353761687874794,
79,32999,,0.03614882007241249,
79,33039,,,0.052333682775497437
79,33039,0.03440668806433678,,
80,33049,,0.039517924189567566,
80,33099,,0.02819005586206913,
80,33149,,0.044558145105838776,
80,33199,,0.03530770540237427,
80,33249,,0.03872622549533844,
80,33299,,0.033973149955272675,
80,33349,,0.03042326122522354,
80,33399,,0.02587830275297165,
80,33449,,0.03805292770266533,
80,33452,,,0.0522705502808094
80,33452,0.034142713993787766,,
81,33499,,0.03304494172334671,
81,33549,,0.0403943806886673,
81,33599,,0.03021571971476078,
81,33649,,0.03421582281589508,
81,33699,,0.03566040098667145,
81,33749,,0.029191361740231514,
81,33799,,0.03321792185306549,
81,33849,,0.025162989273667336,
81,33865,,,0.05134226009249687
81,33865,0.03438412770628929,,
82,33899,,0.030440114438533783,
82,33949,,0.03560381382703781,
82,33999,,0.03681972250342369,
82,34049,,0.03650956600904465,
82,34099,,0.04106174409389496,
82,34149,,0.038834668695926666,
82,34199,,0.03001043200492859,
82,34249,,0.024629630148410797,
82,34278,,,0.05267158895730972
82,34278,0.033927857875823975,,
83,34299,,0.029417239129543304,
83,34349,,0.03268233314156532,
83,34399,,0.026494279503822327,
83,34449,,0.02988790161907673,
83,34499,,0.044088542461395264,
83,34549,,0.0273150447756052,
83,34599,,0.029590729624032974,
83,34649,,0.032256729900836945,
83,34691,,,0.051655009388923645
83,34691,0.033943772315979004,,
84,34699,,0.031237462535500526,
84,34749,,0.03285219147801399,
84,34799,,0.033396195620298386,
84,34849,,0.036790311336517334,
84,34899,,0.028488848358392715,
84,34949,,0.038936007767915726,
84,34999,,0.02594875916838646,
84,35049,,0.030526956543326378,
84,35099,,0.03158681467175484,
84,35104,,,0.05170123651623726
84,35104,0.03393516689538956,,
85,35149,,0.028558989986777306,
85,35199,,0.036719467490911484,
85,35249,,0.03830792009830475,
85,35299,,0.03693770617246628,
85,35349,,0.03777765482664108,
85,35399,,0.029581772163510323,
85,35449,,0.034226808696985245,
85,35499,,0.03779087960720062,
85,35517,,,0.050749074667692184
85,35517,0.034367870539426804,,
86,35549,,0.026941126212477684,
86,35599,,0.02835693582892418,
86,35649,,0.040470391511917114,
86,35699,,0.0337819829583168,
86,35749,,0.03170544654130936,
86,35799,,0.02623595856130123,
86,35849,,0.03162185475230217,
86,35899,,0.03797182813286781,
86,35930,,,0.05156565085053444
86,35930,0.034126121550798416,,
87,35949,,0.039454203099012375,
87,35999,,0.04375285655260086,
87,36049,,0.03885604068636894,
87,36099,,0.04400172829627991,
87,36149,,0.02851068042218685,
87,36199,,0.04178410768508911,
87,36249,,0.05397713556885719,
87,36299,,0.031084368005394936,
87,36343,,,0.05129154399037361
87,36343,0.03428541123867035,,
88,36349,,0.028639189898967743,
88,36399,,0.04056556522846222,
88,36449,,0.03312327340245247,
88,36499,,0.03400518000125885,
88,36549,,0.0305047407746315,
88,36599,,0.04009503871202469,
88,36649,,0.030986450612545013,
88,36699,,0.029187001287937164,
88,36749,,0.03620137646794319,
88,36756,,,0.051884498447179794
88,36756,0.03382747992873192,,
89,36799,,0.03212430700659752,
89,36849,,0.04073777794837952,
89,36899,,0.027626898139715195,
89,36949,,0.027978552505373955,
89,36999,,0.039249833673238754,
89,37049,,0.04214756190776825,
89,37099,,0.039219386875629425,
89,37149,,0.03311098366975784,
89,37169,,,0.05180944502353668
89,37169,0.03369976580142975,,
90,37199,,0.033981841057538986,
90,37249,,0.029710212722420692,
90,37299,,0.04388448968529701,
90,37349,,0.05556606501340866,
90,37399,,0.04017181694507599,
90,37449,,0.028854992240667343,
90,37499,,0.03314213454723358,
90,37549,,0.036408260464668274,
90,37582,,,0.05122408643364906
90,37582,0.03381848335266113,,
91,37599,,0.031980447471141815,
91,37649,,0.03860427811741829,
91,37699,,0.03125663474202156,
91,37749,,0.038039468228816986,
91,37799,,0.02605668269097805,
91,37849,,0.036828309297561646,
91,37899,,0.04489433020353317,
91,37949,,0.03310992941260338,
91,37995,,,0.05211580917239189
91,37995,0.033953115344047546,,
92,37999,,0.03094727173447609,
92,38049,,0.03591391071677208,
92,38099,,0.03980856388807297,
92,38149,,0.036824293434619904,
92,38199,,0.04162904992699623,
92,38249,,0.033445362001657486,
92,38299,,0.03373757004737854,
92,38349,,0.0327184684574604,
92,38399,,0.035278867930173874,
92,38408,,,0.05126546323299408
92,38408,0.03398313745856285,,
93,38449,,0.039311110973358154,
93,38499,,0.03825366869568825,
93,38549,,0.032139793038368225,
93,38599,,0.03310687839984894,
93,38649,,0.032956354320049286,
93,38699,,0.03492090478539467,
93,38749,,0.031702324748039246,
93,38799,,0.026866493746638298,
93,38821,,,0.05194061994552612
93,38821,0.033871471881866455,,
94,38849,,0.03510946407914162,
94,38899,,0.0320664644241333,
94,38949,,0.03284100815653801,
94,38999,,0.03303848206996918,
94,39049,,0.03862728551030159,
94,39099,,0.030669093132019043,
94,39149,,0.02786157839000225,
94,39199,,0.038424018770456314,
94,39234,,,0.05259256437420845
94,39234,0.03415931761264801,,
95,39249,,0.028509698808193207,
95,39299,,0.05042465403676033,
95,39349,,0.03070824407041073,
95,39399,,0.03659866377711296,
95,39449,,0.03859920799732208,
95,39499,,0.036036308854818344,
95,39549,,0.032683294266462326,
95,39599,,0.032972708344459534,
95,39647,,,0.05256737396121025
95,39647,0.0340929850935936,,
96,39649,,0.04026158154010773,
96,39699,,0.029953841120004654,
96,39749,,0.03379957750439644,
96,39799,,0.03248652443289757,
96,39849,,0.036318838596343994,
96,39899,,0.03262266516685486,
96,39949,,0.02198663540184498,
96,39999,,0.038680046796798706,
96,40049,,0.03182239457964897,
96,40060,,,0.0510590597987175
96,40060,0.03395390138030052,,
97,40099,,0.0316564179956913,
97,40149,,0.035523537546396255,
97,40199,,0.02807113528251648,
97,40249,,0.034637466073036194,
97,40299,,0.02594427578151226,
97,40349,,0.03086269274353981,
97,40399,,0.03708423674106598,
97,40449,,0.03333354368805885,
97,40473,,,0.051763322204351425
97,40473,0.03415008261799812,,
98,40499,,0.0321565717458725,
98,40549,,0.03255762532353401,
98,40599,,0.038768574595451355,
98,40649,,0.031099239364266396,
98,40699,,0.03270973637700081,
98,40749,,0.02577810361981392,
98,40799,,0.03294159844517708,
98,40849,,0.03271002322435379,
98,40886,,,0.05236465856432915
98,40886,0.0335242860019207,,
99,40899,,0.038015466183423996,
99,40949,,0.032273028045892715,
99,40999,,0.027580155059695244,
99,41049,,0.031744953244924545,
99,41099,,0.02391481027007103,
99,41149,,0.029117800295352936,
99,41199,,0.03953272104263306,
99,41249,,0.0360657274723053,
99,41299,,0.027585593983530998,
99,41299,,,0.05175769701600075
99,41299,0.03375287353992462,,
100,41349,,0.035514771938323975,
100,41399,,0.040835000574588776,
100,41449,,0.032074522227048874,
100,41499,,0.027781328186392784,
100,41549,,0.029468927532434464,
100,41599,,0.027280356734991074,
100,41649,,0.03373868763446808,
100,41699,,0.0346241369843483,
100,41712,,,0.05138015374541283
100,41712,0.03385113179683685,,
101,41749,,0.023769492283463478,
101,41799,,0.04248683527112007,
101,41849,,0.03134840726852417,
101,41899,,0.0409492589533329,
101,41949,,0.052279435098171234,
101,41999,,0.03009878657758236,
101,42049,,0.0407210998237133,
101,42099,,0.042355041950941086,
101,42125,,,0.05211365222930908
101,42125,0.03411589190363884,,
102,42149,,0.0229126438498497,
102,42199,,0.026554515585303307,
102,42249,,0.0319967195391655,
102,42299,,0.036281317472457886,
102,42349,,0.031244870275259018,
102,42399,,0.03546680510044098,
102,42449,,0.03143305331468582,
102,42499,,0.04612662270665169,
102,42538,,,0.051835447549819946
102,42538,0.03383544832468033,,
103,42549,,0.03487996757030487,
103,42599,,0.030797146260738373,
103,42649,,0.02608272060751915,
103,42699,,0.02719007432460785,
103,42749,,0.03216264396905899,
103,42799,,0.037766337394714355,
103,42849,,0.03196746110916138,
103,42899,,0.036796972155570984,
103,42949,,0.029465049505233765,
103,42951,,,0.051903460174798965
103,42951,0.03365079313516617,,
104,42999,,0.034644048660993576,
104,43049,,0.03075367584824562,
104,43099,,0.02782832272350788,
104,43149,,0.03852902352809906,
104,43199,,0.03650752827525139,
104,43249,,0.035680513828992844,
104,43299,,0.03735212981700897,
104,43349,,0.04346725344657898,
104,43364,,,0.052024662494659424
104,43364,0.033465221524238586,,
105,43399,,0.03810139745473862,
105,43449,,0.028090646490454674,
105,43499,,0.03953339159488678,
105,43549,,0.039327431470155716,
105,43599,,0.02905285730957985,
105,43649,,0.028304656967520714,
105,43699,,0.037792399525642395,
105,43749,,0.03702309727668762,
105,43777,,,0.05198236554861069
105,43777,0.03385284170508385,,
106,43799,,0.028465889394283295,
106,43849,,0.025070859119296074,
106,43899,,0.028043342754244804,
106,43949,,0.03362153843045235,
106,43999,,0.03223643824458122,
106,44049,,0.02692209742963314,
106,44099,,0.030973758548498154,
106,44149,,0.02928214520215988,
106,44190,,,0.05225411057472229
106,44190,0.03373776376247406,,
107,44199,,0.04154250770807266,
107,44249,,0.03749309480190277,
107,44299,,0.03799177333712578,
107,44349,,0.03043666109442711,
107,44399,,0.039821695536375046,
107,44449,,0.031914904713630676,
107,44499,,0.026857491582632065,
107,44549,,0.03994760289788246,
107,44599,,0.04067175090312958,
107,44603,,,0.052186738699674606
107,44603,0.033830828964710236,,
108,44649,,0.03523768112063408,
108,44699,,0.04820646718144417,
108,44749,,0.03619880974292755,
108,44799,,0.030000729486346245,
108,44849,,0.03398583456873894,
108,44899,,0.03370358794927597,
108,44949,,0.02904299832880497,
108,44999,,0.029414160177111626,
108,45016,,,0.05161396786570549
108,45016,0.03359586372971535,,
109,45049,,0.03918005898594856,
109,45099,,0.030473759397864342,
109,45149,,0.028900589793920517,
109,45199,,0.03948087990283966,
109,45249,,0.03452258184552193,
109,45299,,0.035068754106760025,
109,45349,,0.030457893386483192,
109,45399,,0.0295465886592865,
109,45429,,,0.05182170495390892
109,45429,0.03338402882218361,,
110,45449,,0.02345139905810356,
110,45499,,0.040164969861507416,
110,45549,,0.027058079838752747,
110,45599,,0.02969621866941452,
110,45649,,0.0307483933866024,
110,45699,,0.0368228442966938,
110,45749,,0.027655422687530518,
110,45799,,0.02634643018245697,
110,45842,,,0.052197158336639404
110,45842,0.03347954899072647,,
111,45849,,0.04061829671263695,
111,45899,,0.03252972662448883,
111,45949,,0.03231652453541756,
111,45999,,0.03503790497779846,
111,46049,,0.027158360928297043,
111,46099,,0.03038906119763851,
111,46149,,0.03606601431965828,
111,46199,,0.03480488806962967,
111,46249,,0.03497893735766411,
111,46255,,,0.051570069044828415
111,46255,0.0339418426156044,,
112,46299,,0.03456054627895355,
112,46349,,0.03562565892934799,
112,46399,,0.034416235983371735,
112,46449,,0.023500187322497368,
112,46499,,0.02827191725373268,
112,46549,,0.026567522436380386,
112,46599,,0.0381292849779129,
112,46649,,0.028716139495372772,
112,46668,,,0.05262899398803711
112,46668,0.03351256996393204,,
113,46699,,0.027278419584035873,
113,46749,,0.03714410588145256,
113,46799,,0.02986883744597435,
113,46849,,0.03853335604071617,
113,46899,,0.03651230037212372,
113,46949,,0.03167559206485748,
113,46999,,0.032742973417043686,
113,47049,,0.030554274097085,
113,47081,,,0.0524446927011013
113,47081,0.03373398631811142,,
114,47099,,0.04055766388773918,
114,47149,,0.03466623276472092,
114,47199,,0.037342652678489685,
114,47249,,0.035514816641807556,
114,47299,,0.03709832951426506,
114,47349,,0.03148894011974335,
114,47399,,0.028323190286755562,
114,47449,,0.0420449934899807,
114,47494,,,0.05270539969205856
114,47494,0.03342588618397713,,
115,47499,,0.026575393974781036,
115,47549,,0.027003973722457886,
115,47599,,0.03400366008281708,
115,47649,,0.028247471898794174,
115,47699,,0.0417574867606163,
115,47749,,0.04034869000315666,
115,47799,,0.0325809046626091,
115,47849,,0.02810264565050602,
115,47899,,0.027690967544913292,
115,47907,,,0.0524611622095108
115,47907,0.0335879810154438,,
116,47949,,0.029676539823412895,
116,47999,,0.037855565547943115,
116,48049,,0.037347462028265,
116,48099,,0.031225211918354034,
116,48149,,0.028135308995842934,
116,48199,,0.02979196421802044,
116,48249,,0.035101596266031265,
116,48299,,0.036380402743816376,
116,48320,,,0.05257311090826988
116,48320,0.03361832723021507,,
117,48349,,0.027351845055818558,
117,48399,,0.026784367859363556,
117,48449,,0.04310907423496246,
117,48499,,0.03146519884467125,
117,48549,,0.0337662510573864,
117,48599,,0.026860006153583527,
117,48649,,0.046269312500953674,
117,48699,,0.03529072552919388,
117,48733,,,0.05237947031855583
117,48733,0.033609289675951004,,
118,48749,,0.030528821051120758,
118,48799,,0.03472888842225075,
118,48849,,0.03176360949873924,
118,48899,,0.024907507002353668,
118,48949,,0.03964574262499809,
118,48999,,0.023837504908442497,
118,49049,,0.038186997175216675,
118,49099,,0.031909383833408356,
118,49146,,,0.05167414993047714
118,49146,0.03323251008987427,,
119,49149,,0.03156328201293945,
119,49199,,0.03955630958080292,
119,49249,,0.03844347223639488,
119,49299,,0.03984997048974037,
119,49349,,0.026427162811160088,
119,49399,,0.04003046825528145,
119,49449,,0.03518325090408325,
119,49499,,0.03670744597911835,
119,49549,,0.03720014542341232,
119,49559,,,0.05114341154694557
119,49559,0.033610451966524124,,
120,49599,,0.027218958362936974,
120,49649,,0.026407556608319283,
120,49699,,0.034614864736795425,
120,49749,,0.026155496016144753,
120,49799,,0.03744010254740715,
120,49849,,0.031251210719347,
120,49899,,0.03389513120055199,
120,49949,,0.03748171031475067,
120,49972,,,0.05207286775112152
120,49972,0.03316245973110199,,
121,49999,,0.03802704066038132,
121,50049,,0.026210017502307892,
121,50099,,0.027852250263094902,
121,50149,,0.03809146583080292,
121,50199,,0.036156557500362396,
121,50249,,0.02836786024272442,
121,50299,,0.03983133286237717,
121,50349,,0.035629697144031525,
121,50385,,,0.05302546173334122
121,50385,0.03361007571220398,,
122,50399,,0.02744564414024353,
122,50449,,0.0353529267013073,
122,50499,,0.029118338599801064,
122,50549,,0.037431079894304276,
122,50599,,0.037177808582782745,
122,50649,,0.030090872198343277,
122,50699,,0.02811354771256447,
122,50749,,0.026552442461252213,
122,50798,,,0.052175041288137436
122,50798,0.03356253728270531,,
123,50799,,0.028785280883312225,
123,50849,,0.049498967826366425,
123,50899,,0.035833701491355896,
123,50949,,0.040404513478279114,
123,50999,,0.033053919672966,
123,51049,,0.03325088694691658,
123,51099,,0.034024786204099655,
123,51149,,0.03795484080910683,
123,51199,,0.038338836282491684,
123,51211,,,0.05260540172457695
123,51211,0.033251840621232986,,
124,51249,,0.028118137270212173,
124,51299,,0.029609475284814835,
124,51349,,0.03303481265902519,
124,51399,,0.026523729786276817,
124,51449,,0.03127668425440788,
124,51499,,0.04254443198442459,
124,51549,,0.03689485788345337,
124,51599,,0.03749929368495941,
124,51624,,,0.051799654960632324
124,51624,0.033161867409944534,,
125,51649,,0.028567694127559662,
125,51699,,0.032802239060401917,
125,51749,,0.04117545858025551,
125,51799,,0.03764607384800911,
125,51849,,0.026500757783651352,
125,51899,,0.03345688432455063,
125,51949,,0.040862787514925,
125,51999,,0.03677703067660332,
125,52037,,,0.05176694318652153
125,52037,0.03339457884430885,,
126,52049,,0.02824021689593792,
126,52099,,0.029840737581253052,
126,52149,,0.037708353251218796,
126,52199,,0.034290168434381485,
126,52249,,0.03992761671543121,
126,52299,,0.03322857618331909,
126,52349,,0.03735721856355667,
126,52399,,0.029535064473748207,
126,52449,,0.038135699927806854,
126,52450,,,0.050805553793907166
126,52450,0.033122848719358444,,
127,52499,,0.03103129379451275,
127,52549,,0.03561113774776459,
127,52599,,0.028378205373883247,
127,52649,,0.03445912152528763,
127,52699,,0.028234103694558144,
127,52749,,0.042542554438114166,
127,52799,,0.027051420882344246,
127,52849,,0.03387667238712311,
127,52863,,,0.05148093029856682
127,52863,0.0330493301153183,,
128,52899,,0.02860528975725174,
128,52949,,0.027558090165257454,
128,52999,,0.025911904871463776,
128,53049,,0.036305151879787445,
128,53099,,0.028870679438114166,
128,53149,,0.0273886788636446,
128,53199,,0.03871779143810272,
128,53249,,0.03699086233973503,
128,53276,,,0.05182035267353058
128,53276,0.03335043787956238,,
129,53299,,0.03637870028614998,
129,53349,,0.025759121403098106,
129,53399,,0.03503771871328354,
129,53449,,0.025113098323345184,
129,53499,,0.037859056144952774,
129,53549,,0.03266936540603638,
129,53599,,0.038098301738500595,
129,53649,,0.027653170749545097,
129,53689,,,0.05188074707984924
129,53689,0.03353998437523842,,
130,53699,,0.03534339368343353,
130,53749,,0.03878070414066315,
130,53799,,0.03422949090600014,
130,53849,,0.037353575229644775,
130,53899,,0.02746555022895336,
130,53949,,0.03476440906524658,
130,53999,,0.0377294085919857,
130,54049,,0.041856374591588974,
130,54099,,0.033019814640283585,
130,54102,,,0.05201856046915054
130,54102,0.033386122435331345,,
131,54149,,0.028372691944241524,
131,54199,,0.025336040183901787,
131,54249,,0.029493454843759537,
131,54299,,0.03334915637969971,
131,54349,,0.03902696818113327,
131,54399,,0.029570387676358223,
131,54449,,0.03430526703596115,
131,54499,,0.031013667583465576,
131,54515,,,0.052252884954214096
131,54515,0.033699437975883484,,
132,54549,,0.03458592668175697,
132,54599,,0.026809580624103546,
132,54649,,0.03354135900735855,
132,54699,,0.038085028529167175,
132,54749,,0.026498466730117798,
132,54799,,0.03370976448059082,
132,54849,,0.030815133824944496,
132,54899,,0.030602775514125824,
132,54928,,,0.05300522223114967
132,54928,0.03320268169045448,,
133,54949,,0.034895334392786026,
133,54999,,0.029838038608431816,
133,55049,,0.03283824771642685,
133,55099,,0.037621889263391495,
133,55149,,0.03221417963504791,
133,55199,,0.03984991833567619,
133,55249,,0.030313929542899132,
133,55299,,0.03510794788599014,
133,55341,,,0.05270671099424362
133,55341,0.03330148756504059,,
134,55349,,0.0350981168448925,
134,55399,,0.030033793300390244,
134,55449,,0.027721086516976357,
134,55499,,0.02961237169802189,
134,55549,,0.033540211617946625,
134,55599,,0.038973718881607056,
134,55649,,0.028232693672180176,
134,55699,,0.03336968272924423,
134,55749,,0.03420807421207428,
134,55754,,,0.052145231515169144
134,55754,0.03278638795018196,,
135,55799,,0.0309006180614233,
135,55849,,0.024447619915008545,
135,55899,,0.036905813962221146,
135,55949,,0.03402303159236908,
135,55999,,0.03314254805445671,
135,56049,,0.03389910236001015,
135,56099,,0.030445655807852745,
135,56149,,0.027674458920955658,
135,56167,,,0.05189094692468643
135,56167,0.03330870717763901,,
136,56199,,0.030053015798330307,
136,56249,,0.03811896592378616,
136,56299,,0.025946930050849915,
136,56349,,0.0299718976020813,
136,56399,,0.03775851055979729,
136,56449,,0.034368615597486496,
136,56499,,0.031453896313905716,
136,56549,,0.03593119978904724,
136,56580,,,0.05200682207942009
136,56580,0.03314100205898285,,
137,56599,,0.03154928609728813,
137,56649,,0.032521508634090424,
137,56699,,0.03037554956972599,
137,56749,,0.041664209216833115,
137,56799,,0.03267313539981842,
137,56849,,0.04009561985731125,
137,56899,,0.030093315988779068,
137,56949,,0.03503797575831413,
137,56993,,,0.05156467482447624
137,56993,0.03324458748102188,,
138,56999,,0.03485975041985512,
138,57049,,0.03735904395580292,
138,57099,,0.034900031983852386,
138,57149,,0.03180307149887085,
138,57199,,0.030175872147083282,
138,57249,,0.03259409964084625,
138,57299,,0.034366972744464874,
138,57349,,0.0315527468919754,
138,57399,,0.045537762343883514,
138,57406,,,0.05174409970641136
138,57406,0.03299110382795334,,
139,57449,,0.03265775740146637,
139,57499,,0.0442579910159111,
139,57549,,0.030085019767284393,
139,57599,,0.03846729174256325,
139,57649,,0.02792835608124733,
139,57699,,0.03647176921367645,
139,57749,,0.036048050969839096,
139,57799,,0.02858978509902954,
139,57819,,,0.052806489169597626
139,57819,0.03292097523808479,,
140,57849,,0.02730255015194416,
140,57899,,0.0383986234664917,
140,57949,,0.028204329311847687,
140,57999,,0.03411725163459778,
140,58049,,0.030761370435357094,
140,58099,,0.032892804592847824,
140,58149,,0.03717000037431717,
140,58199,,0.03755002096295357,
140,58232,,,0.05156152695417404
140,58232,0.03315816447138786,,
141,58249,,0.033412523567676544,
141,58299,,0.03605140000581741,
141,58349,,0.03641568124294281,
141,58399,,0.0686168521642685,
141,58449,,0.0294120404869318,
141,58499,,0.028773460537195206,
141,58549,,0.02691798470914364,
141,58599,,0.03236857429146767,
141,58645,,,0.051862139254808426
141,58645,0.03308722749352455,,
142,58649,,0.03205086663365364,
142,58699,,0.03955605626106262,
142,58749,,0.03657752275466919,
142,58799,,0.027964429929852486,
142,58849,,0.04343337193131447,
142,58899,,0.041104190051555634,
142,58949,,0.03793655335903168,
142,58999,,0.03356769680976868,
142,59049,,0.02947194129228592,
142,59058,,,0.051892273128032684
142,59058,0.03314192220568657,,
143,59099,,0.030005792155861855,
143,59149,,0.02687843143939972,
143,59199,,0.0334312841296196,
143,59249,,0.03528980165719986,
143,59299,,0.030581150203943253,
143,59349,,0.03267144411802292,
143,59399,,0.02952299267053604,
143,59449,,0.026875413954257965,
143,59471,,,0.05268251895904541
143,59471,0.03306188806891441,,
144,59499,,0.0376751609146595,
144,59549,,0.023344721645116806,
144,59599,,0.02734576351940632,
144,59649,,0.03596460074186325,
144,59699,,0.02571842446923256,
144,59749,,0.03147521987557411,
144,59799,,0.02932613156735897,
144,59849,,0.02719714492559433,
144,59884,,,0.05231277644634247
144,59884,0.032942090183496475,,
145,59899,,0.030995488166809082,
145,59949,,0.035925429314374924,
145,59999,,0.02886415831744671,
145,60049,,0.03577888384461403,
145,60099,,0.02685338817536831,
145,60149,,0.03462768346071243,
145,60199,,0.034267641603946686,
145,60249,,0.032273247838020325,
145,60297,,,0.05216420441865921
145,60297,0.03298373892903328,,
146,60299,,0.02912895940244198,
146,60349,,0.027208911255002022,
146,60399,,0.041707441210746765,
146,60449,,0.03438461944460869,
146,60499,,0.03437028452754021,
146,60549,,0.0262569859623909,
146,60599,,0.026522010564804077,
146,60649,,0.029299534857273102,
146,60699,,0.03840790316462517,
146,60710,,,0.05234088376164436
146,60710,0.03294053301215172,,
147,60749,,0.03874792903661728,
147,60799,,0.04137769713997841,
147,60849,,0.03499945253133774,
147,60899,,0.03394581750035286,
147,60949,,0.03288156911730766,
147,60999,,0.034631386399269104,
147,61049,,0.03393079340457916,
147,61099,,0.042824625968933105,
147,61123,,,0.051928456872701645
147,61123,0.03283701464533806,,
148,61149,,0.04500485956668854,
148,61199,,0.02726231887936592,
148,61249,,0.027382440865039825,
148,61299,,0.03788430616259575,
148,61349,,0.03321966901421547,
148,61399,,0.034128110855817795,
148,61449,,0.041125912219285965,
148,61499,,0.0292153749614954,
148,61536,,,0.05182188004255295
148,61536,0.03296568617224693,,
149,61549,,0.02161775901913643,
149,61599,,0.02787371538579464,
149,61649,,0.024417897686362267,
149,61699,,0.028670374304056168,
149,61749,,0.026968764141201973,
149,61799,,0.03035118244588375,
149,61849,,0.028421994298696518,
149,61899,,0.031980838626623154,
149,61949,,0.03369434177875519,
149,61949,,,0.051931459456682205
149,61949,0.03301973640918732,,
150,61999,,0.029623065143823624,
150,62049,,0.028933631256222725,
150,62099,,0.047328755259513855,
150,62149,,0.03475314378738403,
150,62199,,0.03466135263442993,
150,62249,,0.030463840812444687,
150,62299,,0.03390606865286827,
150,62349,,0.024749351665377617,
150,62362,,,0.05197693407535553
150,62362,0.032777801156044006,,
151,62399,,0.02728620544075966,
151,62449,,0.03424138203263283,
151,62499,,0.02873554453253746,
151,62549,,0.029239049181342125,
151,62599,,0.031856220215559006,
151,62649,,0.03598492592573166,
151,62699,,0.027690250426530838,
151,62749,,0.02908857725560665,
151,62775,,,0.05233946070075035
151,62775,0.033232588320970535,,
